Strategy,Emission Reduction,Cost per tCO2,Timeline,Capital Investment,Maturity Level
Fuel Oil → Gas,15-25%,$15-30,1-2 years,Low-Medium,Mature
Gas → CBG,30-40%,$20-40,2-3 years,Medium,Developing
Electrification 25%,9-12%,$50-100,2-3 years,Medium-High,Emerging
Electrification 50%,18-24%,$60-120,3-5 years,High,Emerging
Electrification 75%,27-36%,$80-150,5-7 years,Very High,Early Stage
Electrification 100%,36-48%,$100-200,7-10 years,Very High,Early Stage
Green Hydrogen,90-95%,$70-175,3-5 years,Very High,Developing
Blue Hydrogen,50-70%,$40-100,2-4 years,High,Emerging
Renewables,17-50%,$20-60,2-3 years,Medium,Mature
Nature Based,5-15%,$10-30,2-5 years,Low,Mature
Carbon Capture (CCS),85-95%,$40-120,3-5 years,Very High,Developing
